<desktopflowbinary desktopflowbinaryid="fdfac5c3-2b8a-46d5-99e6-79e6a43a8f43">
  <data mimetype="image/png">ControlRepositoryImageFile_fdfac5c3-2b8a-46d5-99e6-79e6a43a8f43.png</data>
  <iscustomizable>1</iscustomizable>
  <metadata>{}</metadata>
  <mimetype>image/png</mimetype>
  <name>Desktop flow ui element screenshot</name>
  <process>
    <workflowid>cc1030ad-ef7e-4061-abd9-04bdb1cf3aee</workflowid>
  </process>
  <reference>controlRepo-screenshots\a10f95d0-2f4e-4651-8157-8374fe91584f.png</reference>
  <statecode>0</statecode>
  <statuscode>1</statuscode>
  <type>ControlRepositoryImageFile</type>
</desktopflowbinary>