<desktopflowbinary desktopflowbinaryid="d1eeadee-ba7e-47cc-af49-f27f2fcf61d2">
  <data mimetype="image/png">ControlRepositoryImageFile_d1eeadee-ba7e-47cc-af49-f27f2fcf61d2.png</data>
  <iscustomizable>1</iscustomizable>
  <metadata>{}</metadata>
  <mimetype>image/png</mimetype>
  <name>Desktop flow ui element screenshot</name>
  <process>
    <workflowid>cc1030ad-ef7e-4061-abd9-04bdb1cf3aee</workflowid>
  </process>
  <reference>controlRepo-screenshots\922bc074-ac2b-4ff0-a54a-b37e81fa682b.png</reference>
  <statecode>0</statecode>
  <statuscode>1</statuscode>
  <type>ControlRepositoryImageFile</type>
</desktopflowbinary>