<desktopflowbinary desktopflowbinaryid="c4217b64-d0e8-4eab-b774-d43dd379ef1b">
  <data mimetype="image/png">ControlRepositoryImageFile_c4217b64-d0e8-4eab-b774-d43dd379ef1b.png</data>
  <iscustomizable>1</iscustomizable>
  <metadata>{}</metadata>
  <mimetype>image/png</mimetype>
  <name>Desktop flow ui element screenshot</name>
  <process>
    <workflowid>cc1030ad-ef7e-4061-abd9-04bdb1cf3aee</workflowid>
  </process>
  <reference>controlRepo-screenshots\dc17f0cc-2ca8-4e52-b242-788204b5d94e.png</reference>
  <statecode>0</statecode>
  <statuscode>1</statuscode>
  <type>ControlRepositoryImageFile</type>
</desktopflowbinary>