<desktopflowbinary desktopflowbinaryid="38eac21f-734e-4f9f-bbe5-7a970cb29389">
  <data mimetype="image/png">ControlRepositoryImageFile_38eac21f-734e-4f9f-bbe5-7a970cb29389.png</data>
  <iscustomizable>1</iscustomizable>
  <metadata>{}</metadata>
  <mimetype>image/png</mimetype>
  <name>Desktop flow ui element screenshot</name>
  <process>
    <workflowid>cc1030ad-ef7e-4061-abd9-04bdb1cf3aee</workflowid>
  </process>
  <reference>controlRepo-screenshots\13a48a1e-a149-4254-b71d-0b4be4de42b1.png</reference>
  <statecode>0</statecode>
  <statuscode>1</statuscode>
  <type>ControlRepositoryImageFile</type>
</desktopflowbinary>