<desktopflowbinary desktopflowbinaryid="053251e7-e47d-4275-a68f-ebe168cd004c">
  <data mimetype="image/png">ControlRepositoryImageFile_053251e7-e47d-4275-a68f-ebe168cd004c.png</data>
  <iscustomizable>1</iscustomizable>
  <metadata>{}</metadata>
  <mimetype>image/png</mimetype>
  <name>Desktop flow ui element screenshot</name>
  <process>
    <workflowid>cc1030ad-ef7e-4061-abd9-04bdb1cf3aee</workflowid>
  </process>
  <reference>controlRepo-screenshots\abe6deca-4c8e-4f3a-8d4c-b032c6818b9e.png</reference>
  <statecode>0</statecode>
  <statuscode>1</statuscode>
  <type>ControlRepositoryImageFile</type>
</desktopflowbinary>