<desktopflowbinary desktopflowbinaryid="d92a7b48-1a77-4543-b688-781ef9c15b87">
  <data mimetype="image/png">ControlRepositoryImageFile_d92a7b48-1a77-4543-b688-781ef9c15b87.png</data>
  <iscustomizable>1</iscustomizable>
  <metadata>{}</metadata>
  <mimetype>image/png</mimetype>
  <name>Desktop flow ui element screenshot</name>
  <process>
    <workflowid>cc1030ad-ef7e-4061-abd9-04bdb1cf3aee</workflowid>
  </process>
  <reference>controlRepo-screenshots\f8a1b119-0e84-4381-97d9-993cbc912436.png</reference>
  <statecode>0</statecode>
  <statuscode>1</statuscode>
  <type>ControlRepositoryImageFile</type>
</desktopflowbinary>