<desktopflowbinary desktopflowbinaryid="7bfbd7d8-c205-487b-894b-cd072e7d431c">
  <data mimetype="image/png">ControlRepositoryImageFile_7bfbd7d8-c205-487b-894b-cd072e7d431c.png</data>
  <iscustomizable>1</iscustomizable>
  <metadata>{}</metadata>
  <mimetype>image/png</mimetype>
  <name>Desktop flow ui element screenshot</name>
  <process>
    <workflowid>cc1030ad-ef7e-4061-abd9-04bdb1cf3aee</workflowid>
  </process>
  <reference>controlRepo-screenshots\a6db7bc8-04b1-44c6-9327-1a61a1a84994.png</reference>
  <statecode>0</statecode>
  <statuscode>1</statuscode>
  <type>ControlRepositoryImageFile</type>
</desktopflowbinary>