<desktopflowbinary desktopflowbinaryid="1b1a0881-64d6-4e46-b27e-63ddd9b28352">
  <data mimetype="image/png">ControlRepositoryImageFile_1b1a0881-64d6-4e46-b27e-63ddd9b28352.png</data>
  <iscustomizable>1</iscustomizable>
  <metadata>{}</metadata>
  <mimetype>image/png</mimetype>
  <name>Desktop flow ui element screenshot</name>
  <process>
    <workflowid>cc1030ad-ef7e-4061-abd9-04bdb1cf3aee</workflowid>
  </process>
  <reference>controlRepo-screenshots\6209ae05-6a42-40f1-b588-af489ff5015e.png</reference>
  <statecode>0</statecode>
  <statuscode>1</statuscode>
  <type>ControlRepositoryImageFile</type>
</desktopflowbinary>