<desktopflowbinary desktopflowbinaryid="e2d5d162-3902-4207-86f1-4d249779c502">
  <data mimetype="image/png">ControlRepositoryImageFile_e2d5d162-3902-4207-86f1-4d249779c502.png</data>
  <iscustomizable>1</iscustomizable>
  <metadata>{}</metadata>
  <mimetype>image/png</mimetype>
  <name>Desktop flow ui element screenshot</name>
  <process>
    <workflowid>cc1030ad-ef7e-4061-abd9-04bdb1cf3aee</workflowid>
  </process>
  <reference>controlRepo-screenshots\e3475130-f531-45f7-ba22-98ed11a7317a.png</reference>
  <statecode>0</statecode>
  <statuscode>1</statuscode>
  <type>ControlRepositoryImageFile</type>
</desktopflowbinary>