<desktopflowbinary desktopflowbinaryid="8808e30d-68a7-4daa-9e4a-98dddf50e2aa">
  <data mimetype="image/png">ControlRepositoryImageFile_8808e30d-68a7-4daa-9e4a-98dddf50e2aa.png</data>
  <iscustomizable>1</iscustomizable>
  <metadata>{}</metadata>
  <mimetype>image/png</mimetype>
  <name>Desktop flow ui element screenshot</name>
  <process>
    <workflowid>cc1030ad-ef7e-4061-abd9-04bdb1cf3aee</workflowid>
  </process>
  <reference>controlRepo-screenshots\5ec71a01-19d5-4f61-bef5-78e6c925e286.png</reference>
  <statecode>0</statecode>
  <statuscode>1</statuscode>
  <type>ControlRepositoryImageFile</type>
</desktopflowbinary>