<desktopflowbinary desktopflowbinaryid="80a7feea-f7c1-4e8c-a677-7ff36af8e585">
  <data mimetype="image/png">ControlRepositoryImageFile_80a7feea-f7c1-4e8c-a677-7ff36af8e585.png</data>
  <iscustomizable>1</iscustomizable>
  <metadata>{}</metadata>
  <mimetype>image/png</mimetype>
  <name>Desktop flow ui element screenshot</name>
  <process>
    <workflowid>cc1030ad-ef7e-4061-abd9-04bdb1cf3aee</workflowid>
  </process>
  <reference>controlRepo-screenshots\599504c2-9fac-46d2-8bf1-69430e2b9104.png</reference>
  <statecode>0</statecode>
  <statuscode>1</statuscode>
  <type>ControlRepositoryImageFile</type>
</desktopflowbinary>