<desktopflowbinary desktopflowbinaryid="8a7beb8a-99cd-4942-b3ab-31550a5cc799">
  <data mimetype="image/png">ControlRepositoryImageFile_8a7beb8a-99cd-4942-b3ab-31550a5cc799.png</data>
  <iscustomizable>1</iscustomizable>
  <metadata>{}</metadata>
  <mimetype>image/png</mimetype>
  <name>Desktop flow ui element screenshot</name>
  <process>
    <workflowid>cc1030ad-ef7e-4061-abd9-04bdb1cf3aee</workflowid>
  </process>
  <reference>controlRepo-screenshots\a8651d9e-72fd-4af8-9ddc-b3e1f5989e21.png</reference>
  <statecode>0</statecode>
  <statuscode>1</statuscode>
  <type>ControlRepositoryImageFile</type>
</desktopflowbinary>