<desktopflowbinary desktopflowbinaryid="8101e6a0-4321-457c-b4b2-d79de579e6af">
  <data mimetype="image/png">ControlRepositoryImageFile_8101e6a0-4321-457c-b4b2-d79de579e6af.png</data>
  <iscustomizable>1</iscustomizable>
  <metadata>{}</metadata>
  <mimetype>image/png</mimetype>
  <name>Desktop flow ui element screenshot</name>
  <process>
    <workflowid>cc1030ad-ef7e-4061-abd9-04bdb1cf3aee</workflowid>
  </process>
  <reference>controlRepo-screenshots\4e0bfb01-1203-45ec-8194-0dbf226ba547.png</reference>
  <statecode>0</statecode>
  <statuscode>1</statuscode>
  <type>ControlRepositoryImageFile</type>
</desktopflowbinary>