<desktopflowbinary desktopflowbinaryid="4f980e4e-b781-44e5-b23f-6b2f814f1d00">
  <data mimetype="image/png">ControlRepositoryImageFile_4f980e4e-b781-44e5-b23f-6b2f814f1d00.png</data>
  <iscustomizable>1</iscustomizable>
  <metadata>{}</metadata>
  <mimetype>image/png</mimetype>
  <name>Desktop flow ui element screenshot</name>
  <process>
    <workflowid>cc1030ad-ef7e-4061-abd9-04bdb1cf3aee</workflowid>
  </process>
  <reference>controlRepo-screenshots\1644203a-8812-411d-bf4b-1e4adf3d4ee2.png</reference>
  <statecode>0</statecode>
  <statuscode>1</statuscode>
  <type>ControlRepositoryImageFile</type>
</desktopflowbinary>