<desktopflowbinary desktopflowbinaryid="0100ee78-9ad2-4c7e-8b60-9962690e44bf">
  <data mimetype="application/json">DependenciesFile_349673b3-6b93-451f-a838-93e600b33784.json</data>
  <iscustomizable>1</iscustomizable>
  <metadata>{}</metadata>
  <mimetype>application/json</mimetype>
  <name>Desktop flow dependencies file</name>
  <process>
    <workflowid>cc1030ad-ef7e-4061-abd9-04bdb1cf3aee</workflowid>
  </process>
  <reference>flow.dependencies</reference>
  <statecode>0</statecode>
  <statuscode>1</statuscode>
  <type>DependenciesFile</type>
</desktopflowbinary>