<desktopflowbinary desktopflowbinaryid="ff057fce-1969-4cc5-8d70-adc085f126b5">
  <data mimetype="image/png">ControlRepositoryImageFile_ff057fce-1969-4cc5-8d70-adc085f126b5.png</data>
  <iscustomizable>1</iscustomizable>
  <metadata>{}</metadata>
  <mimetype>image/png</mimetype>
  <name>Desktop flow ui element screenshot</name>
  <process>
    <workflowid>cc1030ad-ef7e-4061-abd9-04bdb1cf3aee</workflowid>
  </process>
  <reference>controlRepo-screenshots\74723e14-88a7-4add-bb01-1a16a3e426a3.png</reference>
  <statecode>0</statecode>
  <statuscode>1</statuscode>
  <type>ControlRepositoryImageFile</type>
</desktopflowbinary>