<desktopflowbinary desktopflowbinaryid="3d2eec07-5d6e-4095-9987-fab7de57f124">
  <data mimetype="image/png">ControlRepositoryImageFile_3d2eec07-5d6e-4095-9987-fab7de57f124.png</data>
  <iscustomizable>1</iscustomizable>
  <metadata>{}</metadata>
  <mimetype>image/png</mimetype>
  <name>Desktop flow ui element screenshot</name>
  <process>
    <workflowid>cc1030ad-ef7e-4061-abd9-04bdb1cf3aee</workflowid>
  </process>
  <reference>controlRepo-screenshots\c780d793-fcbc-4787-8373-699844e560d3.png</reference>
  <statecode>0</statecode>
  <statuscode>1</statuscode>
  <type>ControlRepositoryImageFile</type>
</desktopflowbinary>