<desktopflowbinary desktopflowbinaryid="9f282cff-5a76-4d0b-82eb-7ef2b868d746">
  <data mimetype="image/png">ControlRepositoryImageFile_9f282cff-5a76-4d0b-82eb-7ef2b868d746.png</data>
  <iscustomizable>1</iscustomizable>
  <metadata>{}</metadata>
  <mimetype>image/png</mimetype>
  <name>Desktop flow ui element screenshot</name>
  <process>
    <workflowid>cc1030ad-ef7e-4061-abd9-04bdb1cf3aee</workflowid>
  </process>
  <reference>controlRepo-screenshots\b6d4154c-5b26-4f91-a995-23d2e198f0b9.png</reference>
  <statecode>0</statecode>
  <statuscode>1</statuscode>
  <type>ControlRepositoryImageFile</type>
</desktopflowbinary>