<desktopflowbinary desktopflowbinaryid="2b354a05-4349-4a43-bcf6-5ccca28d8cb7">
  <data mimetype="image/png">ControlRepositoryImageFile_2b354a05-4349-4a43-bcf6-5ccca28d8cb7.png</data>
  <iscustomizable>1</iscustomizable>
  <metadata>{}</metadata>
  <mimetype>image/png</mimetype>
  <name>Desktop flow ui element screenshot</name>
  <process>
    <workflowid>cc1030ad-ef7e-4061-abd9-04bdb1cf3aee</workflowid>
  </process>
  <reference>controlRepo-screenshots\d8657d72-6a2d-42e7-a0a5-6e04df822ec9.png</reference>
  <statecode>0</statecode>
  <statuscode>1</statuscode>
  <type>ControlRepositoryImageFile</type>
</desktopflowbinary>