<desktopflowbinary desktopflowbinaryid="3a1d50fc-1ba4-45a4-b4a6-7fae116a1ba6">
  <data mimetype="image/png">ControlRepositoryImageFile_3a1d50fc-1ba4-45a4-b4a6-7fae116a1ba6.png</data>
  <iscustomizable>1</iscustomizable>
  <metadata>{}</metadata>
  <mimetype>image/png</mimetype>
  <name>Desktop flow ui element screenshot</name>
  <process>
    <workflowid>cc1030ad-ef7e-4061-abd9-04bdb1cf3aee</workflowid>
  </process>
  <reference>controlRepo-screenshots\6e5df054-8d22-4b8b-b32a-796752a20c2e.png</reference>
  <statecode>0</statecode>
  <statuscode>1</statuscode>
  <type>ControlRepositoryImageFile</type>
</desktopflowbinary>