<desktopflowbinary desktopflowbinaryid="0fc1106c-6004-4171-a6a2-f7ccbeadb91e">
  <data mimetype="image/png">ControlRepositoryImageFile_0fc1106c-6004-4171-a6a2-f7ccbeadb91e.png</data>
  <iscustomizable>1</iscustomizable>
  <metadata>{}</metadata>
  <mimetype>image/png</mimetype>
  <name>Desktop flow ui element screenshot</name>
  <process>
    <workflowid>cc1030ad-ef7e-4061-abd9-04bdb1cf3aee</workflowid>
  </process>
  <reference>controlRepo-screenshots\828f8458-5a9e-44df-aaa0-8276a49e1bd9.png</reference>
  <statecode>0</statecode>
  <statuscode>1</statuscode>
  <type>ControlRepositoryImageFile</type>
</desktopflowbinary>