<desktopflowbinary desktopflowbinaryid="dbfdaad0-9cad-457d-a060-3055ec6d556a">
  <data mimetype="image/png">ControlRepositoryImageFile_dbfdaad0-9cad-457d-a060-3055ec6d556a.png</data>
  <iscustomizable>1</iscustomizable>
  <metadata>{}</metadata>
  <mimetype>image/png</mimetype>
  <name>Desktop flow ui element screenshot</name>
  <process>
    <workflowid>cc1030ad-ef7e-4061-abd9-04bdb1cf3aee</workflowid>
  </process>
  <reference>controlRepo-screenshots\45df0695-4c0d-4972-a921-9ed234d23cb6.png</reference>
  <statecode>0</statecode>
  <statuscode>1</statuscode>
  <type>ControlRepositoryImageFile</type>
</desktopflowbinary>