<desktopflowbinary desktopflowbinaryid="0aca4b26-bdf4-40a5-b86f-d48e432c8c43">
  <data mimetype="image/png">ControlRepositoryImageFile_0aca4b26-bdf4-40a5-b86f-d48e432c8c43.png</data>
  <iscustomizable>1</iscustomizable>
  <metadata>{}</metadata>
  <mimetype>image/png</mimetype>
  <name>Desktop flow ui element screenshot</name>
  <process>
    <workflowid>cc1030ad-ef7e-4061-abd9-04bdb1cf3aee</workflowid>
  </process>
  <reference>controlRepo-screenshots\184a233c-e3a6-4786-b913-9a7a1b323fc5.png</reference>
  <statecode>0</statecode>
  <statuscode>1</statuscode>
  <type>ControlRepositoryImageFile</type>
</desktopflowbinary>