<desktopflowbinary desktopflowbinaryid="1e333e4a-c500-481c-9bc5-f9cbcc12135a">
  <data mimetype="image/png">ControlRepositoryImageFile_1e333e4a-c500-481c-9bc5-f9cbcc12135a.png</data>
  <iscustomizable>1</iscustomizable>
  <metadata>{}</metadata>
  <mimetype>image/png</mimetype>
  <name>Desktop flow ui element screenshot</name>
  <process>
    <workflowid>cc1030ad-ef7e-4061-abd9-04bdb1cf3aee</workflowid>
  </process>
  <reference>controlRepo-screenshots\1c4f37e6-48bf-4796-9f47-bb8aebf39f04.png</reference>
  <statecode>0</statecode>
  <statuscode>1</statuscode>
  <type>ControlRepositoryImageFile</type>
</desktopflowbinary>