<desktopflowbinary desktopflowbinaryid="40adfd41-ce49-415f-a51e-a0e44ed741ad">
  <data mimetype="image/png">ControlRepositoryImageFile_40adfd41-ce49-415f-a51e-a0e44ed741ad.png</data>
  <iscustomizable>1</iscustomizable>
  <metadata>{}</metadata>
  <mimetype>image/png</mimetype>
  <name>Desktop flow ui element screenshot</name>
  <process>
    <workflowid>cc1030ad-ef7e-4061-abd9-04bdb1cf3aee</workflowid>
  </process>
  <reference>controlRepo-screenshots\bb404cba-10e4-48ed-a45f-eb5d82554cbb.png</reference>
  <statecode>0</statecode>
  <statuscode>1</statuscode>
  <type>ControlRepositoryImageFile</type>
</desktopflowbinary>