<desktopflowbinary desktopflowbinaryid="8cf7323e-6e4c-48fb-8e9a-ede65761796f">
  <data mimetype="image/png">ControlRepositoryImageFile_8cf7323e-6e4c-48fb-8e9a-ede65761796f.png</data>
  <iscustomizable>1</iscustomizable>
  <metadata>{}</metadata>
  <mimetype>image/png</mimetype>
  <name>Desktop flow ui element screenshot</name>
  <process>
    <workflowid>cc1030ad-ef7e-4061-abd9-04bdb1cf3aee</workflowid>
  </process>
  <reference>controlRepo-screenshots\883f30dd-f9d1-414c-977d-a6fd76523a92.png</reference>
  <statecode>0</statecode>
  <statuscode>1</statuscode>
  <type>ControlRepositoryImageFile</type>
</desktopflowbinary>