<desktopflowbinary desktopflowbinaryid="2501607b-5179-4451-bded-de55c0006214">
  <data mimetype="image/png">ControlRepositoryImageFile_2501607b-5179-4451-bded-de55c0006214.png</data>
  <iscustomizable>1</iscustomizable>
  <metadata>{}</metadata>
  <mimetype>image/png</mimetype>
  <name>Desktop flow ui element screenshot</name>
  <process>
    <workflowid>cc1030ad-ef7e-4061-abd9-04bdb1cf3aee</workflowid>
  </process>
  <reference>controlRepo-screenshots\d11118b9-7da5-49d0-8f4a-ff08a1f0b36f.png</reference>
  <statecode>0</statecode>
  <statuscode>1</statuscode>
  <type>ControlRepositoryImageFile</type>
</desktopflowbinary>