<desktopflowbinary desktopflowbinaryid="68de4b1a-a38c-41d4-9664-69f3e57e405d">
  <data mimetype="image/png">ControlRepositoryImageFile_68de4b1a-a38c-41d4-9664-69f3e57e405d.png</data>
  <iscustomizable>1</iscustomizable>
  <metadata>{}</metadata>
  <mimetype>image/png</mimetype>
  <name>Desktop flow ui element screenshot</name>
  <process>
    <workflowid>cc1030ad-ef7e-4061-abd9-04bdb1cf3aee</workflowid>
  </process>
  <reference>controlRepo-screenshots\23dd8f23-04a1-4651-ba0e-b1a589603264.png</reference>
  <statecode>0</statecode>
  <statuscode>1</statuscode>
  <type>ControlRepositoryImageFile</type>
</desktopflowbinary>