<desktopflowbinary desktopflowbinaryid="81c26d28-8ce9-4fde-9bd7-baf9e55a4965">
  <data mimetype="image/png">ControlRepositoryImageFile_81c26d28-8ce9-4fde-9bd7-baf9e55a4965.png</data>
  <iscustomizable>1</iscustomizable>
  <metadata>{}</metadata>
  <mimetype>image/png</mimetype>
  <name>Desktop flow ui element screenshot</name>
  <process>
    <workflowid>cc1030ad-ef7e-4061-abd9-04bdb1cf3aee</workflowid>
  </process>
  <reference>controlRepo-screenshots\1de38610-4dcc-4669-aec0-3ecd3c948f44.png</reference>
  <statecode>0</statecode>
  <statuscode>1</statuscode>
  <type>ControlRepositoryImageFile</type>
</desktopflowbinary>