<desktopflowbinary desktopflowbinaryid="cbd41768-d38f-4309-a908-cb21eff88671">
  <data mimetype="image/png">ControlRepositoryImageFile_cbd41768-d38f-4309-a908-cb21eff88671.png</data>
  <iscustomizable>1</iscustomizable>
  <metadata>{}</metadata>
  <mimetype>image/png</mimetype>
  <name>Desktop flow ui element screenshot</name>
  <process>
    <workflowid>cc1030ad-ef7e-4061-abd9-04bdb1cf3aee</workflowid>
  </process>
  <reference>controlRepo-screenshots\823dffbc-778d-43d1-ae18-c7bc0a5a9708.png</reference>
  <statecode>0</statecode>
  <statuscode>1</statuscode>
  <type>ControlRepositoryImageFile</type>
</desktopflowbinary>