<desktopflowbinary desktopflowbinaryid="46c77e52-d68f-4a19-8f9a-9ed4b7debe40">
  <data mimetype="image/png">ControlRepositoryImageFile_46c77e52-d68f-4a19-8f9a-9ed4b7debe40.png</data>
  <iscustomizable>1</iscustomizable>
  <metadata>{}</metadata>
  <mimetype>image/png</mimetype>
  <name>Desktop flow ui element screenshot</name>
  <process>
    <workflowid>cc1030ad-ef7e-4061-abd9-04bdb1cf3aee</workflowid>
  </process>
  <reference>controlRepo-screenshots\08a7867d-a9aa-4322-80d7-6549721a9146.png</reference>
  <statecode>0</statecode>
  <statuscode>1</statuscode>
  <type>ControlRepositoryImageFile</type>
</desktopflowbinary>