<desktopflowbinary desktopflowbinaryid="58b8e807-7e37-4daa-97fb-3b14b3817006">
  <data mimetype="image/png">ControlRepositoryImageFile_58b8e807-7e37-4daa-97fb-3b14b3817006.png</data>
  <iscustomizable>1</iscustomizable>
  <metadata>{}</metadata>
  <mimetype>image/png</mimetype>
  <name>Desktop flow ui element screenshot</name>
  <process>
    <workflowid>cc1030ad-ef7e-4061-abd9-04bdb1cf3aee</workflowid>
  </process>
  <reference>controlRepo-screenshots\1d34d043-8de1-4383-8637-7590292bcddd.png</reference>
  <statecode>0</statecode>
  <statuscode>1</statuscode>
  <type>ControlRepositoryImageFile</type>
</desktopflowbinary>