<desktopflowbinary desktopflowbinaryid="85a7c8b8-7688-4549-99ee-83b185e39d59">
  <data mimetype="image/png">ControlRepositoryImageFile_85a7c8b8-7688-4549-99ee-83b185e39d59.png</data>
  <iscustomizable>1</iscustomizable>
  <metadata>{}</metadata>
  <mimetype>image/png</mimetype>
  <name>Desktop flow ui element screenshot</name>
  <process>
    <workflowid>cc1030ad-ef7e-4061-abd9-04bdb1cf3aee</workflowid>
  </process>
  <reference>controlRepo-screenshots\deb17a8f-b9a6-4d13-8587-686a64f05fe1.png</reference>
  <statecode>0</statecode>
  <statuscode>1</statuscode>
  <type>ControlRepositoryImageFile</type>
</desktopflowbinary>