<desktopflowbinary desktopflowbinaryid="fd6fe87f-ee5b-482f-84aa-3d8de2adf7a1">
  <data mimetype="image/png">ControlRepositoryImageFile_fd6fe87f-ee5b-482f-84aa-3d8de2adf7a1.png</data>
  <iscustomizable>1</iscustomizable>
  <metadata>{}</metadata>
  <mimetype>image/png</mimetype>
  <name>Desktop flow ui element screenshot</name>
  <process>
    <workflowid>cc1030ad-ef7e-4061-abd9-04bdb1cf3aee</workflowid>
  </process>
  <reference>controlRepo-screenshots\1840b1b4-6ae0-4013-b925-d58414700292.png</reference>
  <statecode>0</statecode>
  <statuscode>1</statuscode>
  <type>ControlRepositoryImageFile</type>
</desktopflowbinary>