<desktopflowbinary desktopflowbinaryid="f46d6ccc-edfc-4a2a-b9a1-856391ec4809">
  <data mimetype="image/png">ControlRepositoryImageFile_f46d6ccc-edfc-4a2a-b9a1-856391ec4809.png</data>
  <iscustomizable>1</iscustomizable>
  <metadata>{}</metadata>
  <mimetype>image/png</mimetype>
  <name>Desktop flow ui element screenshot</name>
  <process>
    <workflowid>cc1030ad-ef7e-4061-abd9-04bdb1cf3aee</workflowid>
  </process>
  <reference>controlRepo-screenshots\19f4a294-90d4-465e-9799-fa86ed05349e.png</reference>
  <statecode>0</statecode>
  <statuscode>1</statuscode>
  <type>ControlRepositoryImageFile</type>
</desktopflowbinary>