<desktopflowbinary desktopflowbinaryid="7c3f37bb-1db8-411a-b75d-e5c7d6e55b4a">
  <data mimetype="image/png">ControlRepositoryImageFile_7c3f37bb-1db8-411a-b75d-e5c7d6e55b4a.png</data>
  <iscustomizable>1</iscustomizable>
  <metadata>{}</metadata>
  <mimetype>image/png</mimetype>
  <name>Desktop flow ui element screenshot</name>
  <process>
    <workflowid>cc1030ad-ef7e-4061-abd9-04bdb1cf3aee</workflowid>
  </process>
  <reference>controlRepo-screenshots\61311e4d-6d8a-4ac8-a721-6680f38a4fe1.png</reference>
  <statecode>0</statecode>
  <statuscode>1</statuscode>
  <type>ControlRepositoryImageFile</type>
</desktopflowbinary>