<desktopflowbinary desktopflowbinaryid="f39263f1-d5ae-4a45-87f1-c4df7f22653b">
  <data mimetype="image/png">ControlRepositoryImageFile_f39263f1-d5ae-4a45-87f1-c4df7f22653b.png</data>
  <iscustomizable>1</iscustomizable>
  <metadata>{}</metadata>
  <mimetype>image/png</mimetype>
  <name>Desktop flow ui element screenshot</name>
  <process>
    <workflowid>cc1030ad-ef7e-4061-abd9-04bdb1cf3aee</workflowid>
  </process>
  <reference>controlRepo-screenshots\c67c1149-fd96-4556-a10d-8f199fffe9f3.png</reference>
  <statecode>0</statecode>
  <statuscode>1</statuscode>
  <type>ControlRepositoryImageFile</type>
</desktopflowbinary>