<desktopflowbinary desktopflowbinaryid="55d774f4-47e1-46e3-b130-a83758ecc0cc">
  <data mimetype="image/png">ControlRepositoryImageFile_55d774f4-47e1-46e3-b130-a83758ecc0cc.png</data>
  <iscustomizable>1</iscustomizable>
  <metadata>{}</metadata>
  <mimetype>image/png</mimetype>
  <name>Desktop flow ui element screenshot</name>
  <process>
    <workflowid>cc1030ad-ef7e-4061-abd9-04bdb1cf3aee</workflowid>
  </process>
  <reference>controlRepo-screenshots\657a8830-7330-4b60-887d-8276ddbe7e77.png</reference>
  <statecode>0</statecode>
  <statuscode>1</statuscode>
  <type>ControlRepositoryImageFile</type>
</desktopflowbinary>