<desktopflowbinary desktopflowbinaryid="c343f281-7889-404c-923d-ed0e7db36643">
  <data mimetype="image/png">ControlRepositoryImageFile_c343f281-7889-404c-923d-ed0e7db36643.png</data>
  <iscustomizable>1</iscustomizable>
  <metadata>{}</metadata>
  <mimetype>image/png</mimetype>
  <name>Desktop flow ui element screenshot</name>
  <process>
    <workflowid>cc1030ad-ef7e-4061-abd9-04bdb1cf3aee</workflowid>
  </process>
  <reference>controlRepo-screenshots\13a33972-30ad-4a75-aa1d-251483a30070.png</reference>
  <statecode>0</statecode>
  <statuscode>1</statuscode>
  <type>ControlRepositoryImageFile</type>
</desktopflowbinary>