<desktopflowbinary desktopflowbinaryid="4d062f10-b212-442d-a93a-94d80b6118c6">
  <data mimetype="image/png">ControlRepositoryImageFile_4d062f10-b212-442d-a93a-94d80b6118c6.png</data>
  <iscustomizable>1</iscustomizable>
  <metadata>{}</metadata>
  <mimetype>image/png</mimetype>
  <name>Desktop flow ui element screenshot</name>
  <process>
    <workflowid>cc1030ad-ef7e-4061-abd9-04bdb1cf3aee</workflowid>
  </process>
  <reference>controlRepo-screenshots\dc90306d-61e4-49b8-ba4b-ce16719d8f35.png</reference>
  <statecode>0</statecode>
  <statuscode>1</statuscode>
  <type>ControlRepositoryImageFile</type>
</desktopflowbinary>