<desktopflowbinary desktopflowbinaryid="934dc906-4ebd-471a-bf43-75fe306df75c">
  <data mimetype="image/png">ControlRepositoryImageFile_934dc906-4ebd-471a-bf43-75fe306df75c.png</data>
  <iscustomizable>1</iscustomizable>
  <metadata>{}</metadata>
  <mimetype>image/png</mimetype>
  <name>Desktop flow ui element screenshot</name>
  <process>
    <workflowid>cc1030ad-ef7e-4061-abd9-04bdb1cf3aee</workflowid>
  </process>
  <reference>controlRepo-screenshots\7df0df87-b2d4-4656-8af0-e4eb0a805ee6.png</reference>
  <statecode>0</statecode>
  <statuscode>1</statuscode>
  <type>ControlRepositoryImageFile</type>
</desktopflowbinary>