<desktopflowbinary desktopflowbinaryid="21ad835e-5ee0-4bf6-ad7b-a9dcdb783fa9">
  <data mimetype="image/png">ControlRepositoryImageFile_21ad835e-5ee0-4bf6-ad7b-a9dcdb783fa9.png</data>
  <iscustomizable>1</iscustomizable>
  <metadata>{}</metadata>
  <mimetype>image/png</mimetype>
  <name>Desktop flow ui element screenshot</name>
  <process>
    <workflowid>cc1030ad-ef7e-4061-abd9-04bdb1cf3aee</workflowid>
  </process>
  <reference>controlRepo-screenshots\3f273874-dcff-4214-b5c4-5e369a7c9d57.png</reference>
  <statecode>0</statecode>
  <statuscode>1</statuscode>
  <type>ControlRepositoryImageFile</type>
</desktopflowbinary>