<desktopflowbinary desktopflowbinaryid="16116544-7662-4b4b-9213-e64f4dd61455">
  <data mimetype="application/json">ManifestFile_16116544-7662-4b4b-9213-e64f4dd61455.json</data>
  <iscustomizable>1</iscustomizable>
  <metadata>{}</metadata>
  <mimetype>application/json</mimetype>
  <name>Desktop flow manifest file</name>
  <process>
    <workflowid>cc1030ad-ef7e-4061-abd9-04bdb1cf3aee</workflowid>
  </process>
  <reference>flow.manifest</reference>
  <statecode>0</statecode>
  <statuscode>1</statuscode>
  <type>ManifestFile</type>
</desktopflowbinary>