<desktopflowbinary desktopflowbinaryid="98fee682-34ce-4e1b-9af1-6ba81ab537dc">
  <data mimetype="image/png">ControlRepositoryImageFile_98fee682-34ce-4e1b-9af1-6ba81ab537dc.png</data>
  <iscustomizable>1</iscustomizable>
  <metadata>{}</metadata>
  <mimetype>image/png</mimetype>
  <name>Desktop flow ui element screenshot</name>
  <process>
    <workflowid>cc1030ad-ef7e-4061-abd9-04bdb1cf3aee</workflowid>
  </process>
  <reference>controlRepo-screenshots\351fda46-9f42-45e5-9654-16bb798d6a8c.png</reference>
  <statecode>0</statecode>
  <statuscode>1</statuscode>
  <type>ControlRepositoryImageFile</type>
</desktopflowbinary>