<desktopflowbinary desktopflowbinaryid="d0529389-bd06-42ce-8720-c5c7be78a18c">
  <data mimetype="image/png">ControlRepositoryImageFile_d0529389-bd06-42ce-8720-c5c7be78a18c.png</data>
  <iscustomizable>1</iscustomizable>
  <metadata>{}</metadata>
  <mimetype>image/png</mimetype>
  <name>Desktop flow ui element screenshot</name>
  <process>
    <workflowid>cc1030ad-ef7e-4061-abd9-04bdb1cf3aee</workflowid>
  </process>
  <reference>controlRepo-screenshots\23f638f7-099b-4042-b3b7-609161d9b46a.png</reference>
  <statecode>0</statecode>
  <statuscode>1</statuscode>
  <type>ControlRepositoryImageFile</type>
</desktopflowbinary>