<desktopflowbinary desktopflowbinaryid="2b136c4f-05b4-495f-814b-d7da7f32cd5f">
  <data mimetype="image/png">ControlRepositoryImageFile_2b136c4f-05b4-495f-814b-d7da7f32cd5f.png</data>
  <iscustomizable>1</iscustomizable>
  <metadata>{}</metadata>
  <mimetype>image/png</mimetype>
  <name>Desktop flow ui element screenshot</name>
  <process>
    <workflowid>cc1030ad-ef7e-4061-abd9-04bdb1cf3aee</workflowid>
  </process>
  <reference>controlRepo-screenshots\8ddeb70e-2728-4153-a490-6c1dc41ed0ac.png</reference>
  <statecode>0</statecode>
  <statuscode>1</statuscode>
  <type>ControlRepositoryImageFile</type>
</desktopflowbinary>