<desktopflowbinary desktopflowbinaryid="75faedd9-ddb0-4ba6-9602-7581dc399478">
  <data mimetype="image/png">ControlRepositoryImageFile_75faedd9-ddb0-4ba6-9602-7581dc399478.png</data>
  <iscustomizable>1</iscustomizable>
  <metadata>{}</metadata>
  <mimetype>image/png</mimetype>
  <name>Desktop flow ui element screenshot</name>
  <process>
    <workflowid>cc1030ad-ef7e-4061-abd9-04bdb1cf3aee</workflowid>
  </process>
  <reference>controlRepo-screenshots\3d5f58de-b3e6-4e6b-8875-be843b2b3872.png</reference>
  <statecode>0</statecode>
  <statuscode>1</statuscode>
  <type>ControlRepositoryImageFile</type>
</desktopflowbinary>