<desktopflowbinary desktopflowbinaryid="1e920abc-f45c-4401-84ec-32eaf7c45c5e">
  <data mimetype="image/png">ControlRepositoryImageFile_1e920abc-f45c-4401-84ec-32eaf7c45c5e.png</data>
  <iscustomizable>1</iscustomizable>
  <metadata>{}</metadata>
  <mimetype>image/png</mimetype>
  <name>Desktop flow ui element screenshot</name>
  <process>
    <workflowid>cc1030ad-ef7e-4061-abd9-04bdb1cf3aee</workflowid>
  </process>
  <reference>controlRepo-screenshots\f63f152f-7841-451b-9cb8-3e0ee491f910.png</reference>
  <statecode>0</statecode>
  <statuscode>1</statuscode>
  <type>ControlRepositoryImageFile</type>
</desktopflowbinary>