<desktopflowbinary desktopflowbinaryid="2722b6ae-4427-4016-a834-1d4a6fd71569">
  <data mimetype="image/png">ControlRepositoryImageFile_2722b6ae-4427-4016-a834-1d4a6fd71569.png</data>
  <iscustomizable>1</iscustomizable>
  <metadata>{}</metadata>
  <mimetype>image/png</mimetype>
  <name>Desktop flow ui element screenshot</name>
  <process>
    <workflowid>cc1030ad-ef7e-4061-abd9-04bdb1cf3aee</workflowid>
  </process>
  <reference>controlRepo-screenshots\2eca9d17-e034-4f60-9e53-e5345863793b.png</reference>
  <statecode>0</statecode>
  <statuscode>1</statuscode>
  <type>ControlRepositoryImageFile</type>
</desktopflowbinary>