<desktopflowbinary desktopflowbinaryid="79af22d3-cc67-4b27-92ac-2e19f0efc017">
  <data mimetype="image/png">ControlRepositoryImageFile_79af22d3-cc67-4b27-92ac-2e19f0efc017.png</data>
  <iscustomizable>1</iscustomizable>
  <metadata>{}</metadata>
  <mimetype>image/png</mimetype>
  <name>Desktop flow ui element screenshot</name>
  <process>
    <workflowid>cc1030ad-ef7e-4061-abd9-04bdb1cf3aee</workflowid>
  </process>
  <reference>controlRepo-screenshots\d8ab6cab-2807-4753-a98c-bb5758c8c4a8.png</reference>
  <statecode>0</statecode>
  <statuscode>1</statuscode>
  <type>ControlRepositoryImageFile</type>
</desktopflowbinary>