<desktopflowbinary desktopflowbinaryid="8f8e7ca8-37a0-4a6a-81c7-e66e5b83ea19">
  <data mimetype="image/png">ControlRepositoryImageFile_8f8e7ca8-37a0-4a6a-81c7-e66e5b83ea19.png</data>
  <iscustomizable>1</iscustomizable>
  <metadata>{}</metadata>
  <mimetype>image/png</mimetype>
  <name>Desktop flow ui element screenshot</name>
  <process>
    <workflowid>cc1030ad-ef7e-4061-abd9-04bdb1cf3aee</workflowid>
  </process>
  <reference>controlRepo-screenshots\7e96d08c-a41f-4b5e-8369-6649c6ffea4b.png</reference>
  <statecode>0</statecode>
  <statuscode>1</statuscode>
  <type>ControlRepositoryImageFile</type>
</desktopflowbinary>