<desktopflowbinary desktopflowbinaryid="3bc6128a-35f6-4368-874d-59d20f956974">
  <data mimetype="image/png">ControlRepositoryImageFile_3bc6128a-35f6-4368-874d-59d20f956974.png</data>
  <iscustomizable>1</iscustomizable>
  <metadata>{}</metadata>
  <mimetype>image/png</mimetype>
  <name>Desktop flow ui element screenshot</name>
  <process>
    <workflowid>cc1030ad-ef7e-4061-abd9-04bdb1cf3aee</workflowid>
  </process>
  <reference>controlRepo-screenshots\1287fe5e-4f88-4085-9fa1-c2a9f0688fa4.png</reference>
  <statecode>0</statecode>
  <statuscode>1</statuscode>
  <type>ControlRepositoryImageFile</type>
</desktopflowbinary>