<desktopflowbinary desktopflowbinaryid="b807fac1-734d-4e37-9037-784eb2aef933">
  <data mimetype="image/png">ControlRepositoryImageFile_b807fac1-734d-4e37-9037-784eb2aef933.png</data>
  <iscustomizable>1</iscustomizable>
  <metadata>{}</metadata>
  <mimetype>image/png</mimetype>
  <name>Desktop flow ui element screenshot</name>
  <process>
    <workflowid>cc1030ad-ef7e-4061-abd9-04bdb1cf3aee</workflowid>
  </process>
  <reference>controlRepo-screenshots\3c9100f8-af78-42fc-93c3-73d2a91f5b3a.png</reference>
  <statecode>0</statecode>
  <statuscode>1</statuscode>
  <type>ControlRepositoryImageFile</type>
</desktopflowbinary>