<desktopflowbinary desktopflowbinaryid="5102e7de-915d-440d-af5e-2a73b2711e1c">
  <data mimetype="image/png">ControlRepositoryImageFile_5102e7de-915d-440d-af5e-2a73b2711e1c.png</data>
  <iscustomizable>1</iscustomizable>
  <metadata>{}</metadata>
  <mimetype>image/png</mimetype>
  <name>Desktop flow ui element screenshot</name>
  <process>
    <workflowid>cc1030ad-ef7e-4061-abd9-04bdb1cf3aee</workflowid>
  </process>
  <reference>controlRepo-screenshots\aa409e37-f78a-4727-9ff6-f28405ba014b.png</reference>
  <statecode>0</statecode>
  <statuscode>1</statuscode>
  <type>ControlRepositoryImageFile</type>
</desktopflowbinary>