<desktopflowbinary desktopflowbinaryid="095154af-0cd5-4ea0-b2ac-1623f1b5a92d">
  <data mimetype="image/png">ControlRepositoryImageFile_095154af-0cd5-4ea0-b2ac-1623f1b5a92d.png</data>
  <iscustomizable>1</iscustomizable>
  <metadata>{}</metadata>
  <mimetype>image/png</mimetype>
  <name>Desktop flow ui element screenshot</name>
  <process>
    <workflowid>cc1030ad-ef7e-4061-abd9-04bdb1cf3aee</workflowid>
  </process>
  <reference>controlRepo-screenshots\a523157f-7302-4ad1-ab13-d498f7f2445a.png</reference>
  <statecode>0</statecode>
  <statuscode>1</statuscode>
  <type>ControlRepositoryImageFile</type>
</desktopflowbinary>