<desktopflowbinary desktopflowbinaryid="172b5473-39c0-4969-84c2-823e58d44e53">
  <data mimetype="image/png">ControlRepositoryImageFile_172b5473-39c0-4969-84c2-823e58d44e53.png</data>
  <iscustomizable>1</iscustomizable>
  <metadata>{}</metadata>
  <mimetype>image/png</mimetype>
  <name>Desktop flow ui element screenshot</name>
  <process>
    <workflowid>cc1030ad-ef7e-4061-abd9-04bdb1cf3aee</workflowid>
  </process>
  <reference>controlRepo-screenshots\e1b2d5fc-5531-4f6a-b141-205441a0f129.png</reference>
  <statecode>0</statecode>
  <statuscode>1</statuscode>
  <type>ControlRepositoryImageFile</type>
</desktopflowbinary>