<desktopflowbinary desktopflowbinaryid="4dba1eb1-fe31-4cea-ab66-e50d5c163afb">
  <data mimetype="image/png">ControlRepositoryImageFile_4dba1eb1-fe31-4cea-ab66-e50d5c163afb.png</data>
  <iscustomizable>1</iscustomizable>
  <metadata>{}</metadata>
  <mimetype>image/png</mimetype>
  <name>Desktop flow ui element screenshot</name>
  <process>
    <workflowid>cc1030ad-ef7e-4061-abd9-04bdb1cf3aee</workflowid>
  </process>
  <reference>controlRepo-screenshots\8f2e344b-5866-45b1-a6f2-d245632e945f.png</reference>
  <statecode>0</statecode>
  <statuscode>1</statuscode>
  <type>ControlRepositoryImageFile</type>
</desktopflowbinary>