<desktopflowbinary desktopflowbinaryid="f4e76fd3-c584-4dcb-964e-80b8f0f8eca0">
  <data mimetype="image/png">ControlRepositoryImageFile_f4e76fd3-c584-4dcb-964e-80b8f0f8eca0.png</data>
  <iscustomizable>1</iscustomizable>
  <metadata>{}</metadata>
  <mimetype>image/png</mimetype>
  <name>Desktop flow ui element screenshot</name>
  <process>
    <workflowid>cc1030ad-ef7e-4061-abd9-04bdb1cf3aee</workflowid>
  </process>
  <reference>controlRepo-screenshots\e0b081a8-0bde-4c6d-a36b-4c662000b16d.png</reference>
  <statecode>0</statecode>
  <statuscode>1</statuscode>
  <type>ControlRepositoryImageFile</type>
</desktopflowbinary>