<desktopflowbinary desktopflowbinaryid="47a7d8d6-231f-4909-a21f-114d101ce3e6">
  <data mimetype="image/png">ControlRepositoryImageFile_47a7d8d6-231f-4909-a21f-114d101ce3e6.png</data>
  <iscustomizable>1</iscustomizable>
  <metadata>{}</metadata>
  <mimetype>image/png</mimetype>
  <name>Desktop flow ui element screenshot</name>
  <process>
    <workflowid>cc1030ad-ef7e-4061-abd9-04bdb1cf3aee</workflowid>
  </process>
  <reference>controlRepo-screenshots\116f5f6f-793d-4f26-a8b4-fa876f6d7a1b.png</reference>
  <statecode>0</statecode>
  <statuscode>1</statuscode>
  <type>ControlRepositoryImageFile</type>
</desktopflowbinary>