<desktopflowbinary desktopflowbinaryid="0dccc507-95cf-4adf-ad93-1dce053ee40a">
  <data mimetype="image/png">ControlRepositoryImageFile_0dccc507-95cf-4adf-ad93-1dce053ee40a.png</data>
  <iscustomizable>1</iscustomizable>
  <metadata>{}</metadata>
  <mimetype>image/png</mimetype>
  <name>Desktop flow ui element screenshot</name>
  <process>
    <workflowid>cc1030ad-ef7e-4061-abd9-04bdb1cf3aee</workflowid>
  </process>
  <reference>controlRepo-screenshots\ee5763e0-adc6-43a9-a0ec-a7b99138b2ee.png</reference>
  <statecode>0</statecode>
  <statuscode>1</statuscode>
  <type>ControlRepositoryImageFile</type>
</desktopflowbinary>