<desktopflowbinary desktopflowbinaryid="174e6a0c-5af8-4f96-bbbb-a888737fa13b">
  <data mimetype="image/png">ControlRepositoryImageFile_174e6a0c-5af8-4f96-bbbb-a888737fa13b.png</data>
  <iscustomizable>1</iscustomizable>
  <metadata>{}</metadata>
  <mimetype>image/png</mimetype>
  <name>Desktop flow ui element screenshot</name>
  <process>
    <workflowid>cc1030ad-ef7e-4061-abd9-04bdb1cf3aee</workflowid>
  </process>
  <reference>controlRepo-screenshots\60cbe9a5-27f8-449a-bdf8-e9acca9bfa54.png</reference>
  <statecode>0</statecode>
  <statuscode>1</statuscode>
  <type>ControlRepositoryImageFile</type>
</desktopflowbinary>