<desktopflowbinary desktopflowbinaryid="b106c7c9-e453-4d5b-a712-911d66474bc4">
  <data mimetype="image/png">ControlRepositoryImageFile_b106c7c9-e453-4d5b-a712-911d66474bc4.png</data>
  <iscustomizable>1</iscustomizable>
  <metadata>{}</metadata>
  <mimetype>image/png</mimetype>
  <name>Desktop flow ui element screenshot</name>
  <process>
    <workflowid>cc1030ad-ef7e-4061-abd9-04bdb1cf3aee</workflowid>
  </process>
  <reference>controlRepo-screenshots\d8691e91-1c6d-4422-9244-1ebaae77e875.png</reference>
  <statecode>0</statecode>
  <statuscode>1</statuscode>
  <type>ControlRepositoryImageFile</type>
</desktopflowbinary>