<desktopflowbinary desktopflowbinaryid="90586ebe-3522-40e8-90e0-6106439bc076">
  <data mimetype="image/png">ControlRepositoryImageFile_90586ebe-3522-40e8-90e0-6106439bc076.png</data>
  <iscustomizable>1</iscustomizable>
  <metadata>{}</metadata>
  <mimetype>image/png</mimetype>
  <name>Desktop flow ui element screenshot</name>
  <process>
    <workflowid>cc1030ad-ef7e-4061-abd9-04bdb1cf3aee</workflowid>
  </process>
  <reference>controlRepo-screenshots\2e61ef75-43b6-4eeb-b477-9a589b2583c5.png</reference>
  <statecode>0</statecode>
  <statuscode>1</statuscode>
  <type>ControlRepositoryImageFile</type>
</desktopflowbinary>