<desktopflowbinary desktopflowbinaryid="a9b42d21-1dc1-421c-9017-088b835223d0">
  <data mimetype="image/png">ControlRepositoryImageFile_a9b42d21-1dc1-421c-9017-088b835223d0.png</data>
  <iscustomizable>1</iscustomizable>
  <metadata>{}</metadata>
  <mimetype>image/png</mimetype>
  <name>Desktop flow ui element screenshot</name>
  <process>
    <workflowid>cc1030ad-ef7e-4061-abd9-04bdb1cf3aee</workflowid>
  </process>
  <reference>controlRepo-screenshots\d99e84b2-010b-46a0-b3b5-dac2209fa303.png</reference>
  <statecode>0</statecode>
  <statuscode>1</statuscode>
  <type>ControlRepositoryImageFile</type>
</desktopflowbinary>