<desktopflowbinary desktopflowbinaryid="f692d591-aa53-499d-ac9b-0d05178541eb">
  <data mimetype="image/png">ControlRepositoryImageFile_f692d591-aa53-499d-ac9b-0d05178541eb.png</data>
  <iscustomizable>1</iscustomizable>
  <metadata>{}</metadata>
  <mimetype>image/png</mimetype>
  <name>Desktop flow ui element screenshot</name>
  <process>
    <workflowid>cc1030ad-ef7e-4061-abd9-04bdb1cf3aee</workflowid>
  </process>
  <reference>controlRepo-screenshots\39dbf4af-09e1-4b49-ad35-2e16b879cb3d.png</reference>
  <statecode>0</statecode>
  <statuscode>1</statuscode>
  <type>ControlRepositoryImageFile</type>
</desktopflowbinary>