<desktopflowbinary desktopflowbinaryid="35c02fc5-818f-4687-a924-38c615d14a2b">
  <data mimetype="application/json">ImageRepository_80f47e3f-74db-4405-a50a-a21ced78fa87.json</data>
  <iscustomizable>1</iscustomizable>
  <metadata>{}</metadata>
  <mimetype>application/json</mimetype>
  <name>Desktop flow images</name>
  <process>
    <workflowid>cc1030ad-ef7e-4061-abd9-04bdb1cf3aee</workflowid>
  </process>
  <reference>imageRepo.imgrepo</reference>
  <statecode>0</statecode>
  <statuscode>1</statuscode>
  <type>ImageRepository</type>
</desktopflowbinary>