<desktopflowbinary desktopflowbinaryid="9cdf9781-1c30-4c19-8bdc-aeebe59029b8">
  <data mimetype="application/json">ControlRepository_5364655b-5416-4f91-81ae-429064fb8dea.json</data>
  <iscustomizable>1</iscustomizable>
  <metadata>{}</metadata>
  <mimetype>application/json</mimetype>
  <name>Desktop flow ui elements</name>
  <process>
    <workflowid>cc1030ad-ef7e-4061-abd9-04bdb1cf3aee</workflowid>
  </process>
  <reference>controlRepo.appmask</reference>
  <statecode>0</statecode>
  <statuscode>1</statuscode>
  <type>ControlRepository</type>
</desktopflowbinary>