<desktopflowbinary desktopflowbinaryid="e6d97b2a-2e7a-4da4-b9e5-29a337e24c81">
  <data mimetype="image/png">ControlRepositoryImageFile_e6d97b2a-2e7a-4da4-b9e5-29a337e24c81.png</data>
  <iscustomizable>1</iscustomizable>
  <metadata>{}</metadata>
  <mimetype>image/png</mimetype>
  <name>Desktop flow ui element screenshot</name>
  <process>
    <workflowid>cc1030ad-ef7e-4061-abd9-04bdb1cf3aee</workflowid>
  </process>
  <reference>controlRepo-screenshots\e4f781e1-0973-44d6-b503-cb4f0960bd0d.png</reference>
  <statecode>0</statecode>
  <statuscode>1</statuscode>
  <type>ControlRepositoryImageFile</type>
</desktopflowbinary>