<desktopflowbinary desktopflowbinaryid="1d9350df-b989-4c04-9630-be73635f246a">
  <data mimetype="image/png">ControlRepositoryImageFile_1d9350df-b989-4c04-9630-be73635f246a.png</data>
  <iscustomizable>1</iscustomizable>
  <metadata>{}</metadata>
  <mimetype>image/png</mimetype>
  <name>Desktop flow ui element screenshot</name>
  <process>
    <workflowid>cc1030ad-ef7e-4061-abd9-04bdb1cf3aee</workflowid>
  </process>
  <reference>controlRepo-screenshots\7801c186-0eaf-4145-8ce6-b1de00c268de.png</reference>
  <statecode>0</statecode>
  <statuscode>1</statuscode>
  <type>ControlRepositoryImageFile</type>
</desktopflowbinary>