<desktopflowbinary desktopflowbinaryid="c9d5edec-d311-4a6c-afe1-d1cea8c6b763">
  <data mimetype="image/png">ControlRepositoryImageFile_c9d5edec-d311-4a6c-afe1-d1cea8c6b763.png</data>
  <iscustomizable>1</iscustomizable>
  <metadata>{}</metadata>
  <mimetype>image/png</mimetype>
  <name>Desktop flow ui element screenshot</name>
  <process>
    <workflowid>cc1030ad-ef7e-4061-abd9-04bdb1cf3aee</workflowid>
  </process>
  <reference>controlRepo-screenshots\e17ba121-4928-4221-b938-a8218dcf0c5c.png</reference>
  <statecode>0</statecode>
  <statuscode>1</statuscode>
  <type>ControlRepositoryImageFile</type>
</desktopflowbinary>