<desktopflowbinary desktopflowbinaryid="de95cb2a-2f9c-4a56-a8a4-4de3b4bf8746">
  <data mimetype="image/png">ControlRepositoryImageFile_de95cb2a-2f9c-4a56-a8a4-4de3b4bf8746.png</data>
  <iscustomizable>1</iscustomizable>
  <metadata>{}</metadata>
  <mimetype>image/png</mimetype>
  <name>Desktop flow ui element screenshot</name>
  <process>
    <workflowid>cc1030ad-ef7e-4061-abd9-04bdb1cf3aee</workflowid>
  </process>
  <reference>controlRepo-screenshots\29572e6f-886c-467b-810a-eb9806196cd4.png</reference>
  <statecode>0</statecode>
  <statuscode>1</statuscode>
  <type>ControlRepositoryImageFile</type>
</desktopflowbinary>