<desktopflowbinary desktopflowbinaryid="4a4955b2-7e10-43de-a7f8-c16f3223624b">
  <data mimetype="image/png">ControlRepositoryImageFile_4a4955b2-7e10-43de-a7f8-c16f3223624b.png</data>
  <iscustomizable>1</iscustomizable>
  <metadata>{}</metadata>
  <mimetype>image/png</mimetype>
  <name>Desktop flow ui element screenshot</name>
  <process>
    <workflowid>cc1030ad-ef7e-4061-abd9-04bdb1cf3aee</workflowid>
  </process>
  <reference>controlRepo-screenshots\4073852d-7c86-408e-9485-f754087eac42.png</reference>
  <statecode>0</statecode>
  <statuscode>1</statuscode>
  <type>ControlRepositoryImageFile</type>
</desktopflowbinary>