<desktopflowbinary desktopflowbinaryid="0b3e0e9d-44d7-455a-9323-895304311423">
  <data mimetype="image/png">ControlRepositoryImageFile_0b3e0e9d-44d7-455a-9323-895304311423.png</data>
  <iscustomizable>1</iscustomizable>
  <metadata>{}</metadata>
  <mimetype>image/png</mimetype>
  <name>Desktop flow ui element screenshot</name>
  <process>
    <workflowid>cc1030ad-ef7e-4061-abd9-04bdb1cf3aee</workflowid>
  </process>
  <reference>controlRepo-screenshots\ef56017e-6955-471e-a058-43ec85ed82e7.png</reference>
  <statecode>0</statecode>
  <statuscode>1</statuscode>
  <type>ControlRepositoryImageFile</type>
</desktopflowbinary>