<desktopflowbinary desktopflowbinaryid="9aa5bf84-af75-4bc4-8262-c1a389e05d55">
  <data mimetype="image/png">ControlRepositoryImageFile_9aa5bf84-af75-4bc4-8262-c1a389e05d55.png</data>
  <iscustomizable>1</iscustomizable>
  <metadata>{}</metadata>
  <mimetype>image/png</mimetype>
  <name>Desktop flow ui element screenshot</name>
  <process>
    <workflowid>cc1030ad-ef7e-4061-abd9-04bdb1cf3aee</workflowid>
  </process>
  <reference>controlRepo-screenshots\5b8e12f8-92fa-4aa9-89ce-a6e06f1ca26e.png</reference>
  <statecode>0</statecode>
  <statuscode>1</statuscode>
  <type>ControlRepositoryImageFile</type>
</desktopflowbinary>